City_ID,City,Country,Lat,Lng,Max Temp,Humidity,Cloudiness,Wind Speed,Current Description
0,Behshahr,IR,36.6923,53.5526,56.21,82,36,5.14,scattered clouds
1,Kapaa,US,22.0752,-159.319,74.48,93,75,17.27,broken clouds
2,Bacolod,PH,10.6667,122.95,74.32,96,100,5.75,heavy intensity rain
3,Iraucuba,BR,-3.7461,-39.7833,81.39,81,96,3.47,overcast clouds
4,Pevek,RU,69.7008,170.3133,-21.53,100,87,3.36,overcast clouds
5,Mount Isa,AU,-20.7333,139.5,85.77,28,71,8.05,broken clouds
6,Chapleau,CA,47.8405,-83.4034,41.09,38,40,3.44,scattered clouds
7,Ostrovnoy,RU,68.0531,39.5131,34.56,98,100,15.73,light snow
8,Nome,US,64.5011,-165.4064,28.47,93,100,13.8,overcast clouds
9,Hermanus,ZA,-34.4187,19.2345,66.79,78,1,10.36,clear sky
10,Rikitea,PF,-23.1203,-134.9692,78.85,74,3,17.81,light rain
11,Flin Flon,CA,54.7682,-101.865,30.04,59,100,19.57,overcast clouds
12,New Norfolk,AU,-42.7826,147.0587,53.65,40,71,5.12,broken clouds
13,Kodiak,US,57.79,-152.4072,35.11,44,0,9.22,clear sky
14,Dakar,SN,14.6937,-17.4441,81.48,81,1,15.39,clear sky
15,Hirara,JP,24.8,125.2833,73.78,91,86,15.93,overcast clouds
16,Barrow,US,71.2906,-156.7887,-9.38,77,100,10.36,overcast clouds
17,Port Alfred,ZA,-33.5906,26.891,63.18,95,100,5.99,overcast clouds
18,Clyde River,CA,70.4692,-68.5914,3.43,92,75,10.36,broken clouds
19,Faanui,PF,-16.4833,-151.75,81.66,75,27,16.11,light rain
20,Constantine,DZ,36.365,6.6147,65.61,48,0,11.5,clear sky
21,Hilo,US,19.7297,-155.09,72.1,88,0,3.44,clear sky
22,Vaini,TO,-21.2,-175.2,77.16,88,20,8.05,few clouds
23,Guerrero Negro,MX,27.9769,-114.0611,71.37,55,16,5.1,few clouds
24,Saraland,US,30.8207,-88.0706,77.41,46,0,11.34,clear sky
25,Cape Town,ZA,-33.9258,18.4232,73.9,66,0,10.0,clear sky
26,Bengkulu,ID,-3.8004,102.2655,75.11,91,92,3.18,overcast clouds
27,Cozumel,MX,20.5083,-86.9458,80.94,62,20,11.99,few clouds
28,Bredasdorp,ZA,-34.5322,20.0403,64.78,89,0,14.54,clear sky
29,Sao Joao Do Paraiso,BR,-15.3136,-42.0144,94.95,23,17,6.53,few clouds
30,Pascagoula,US,30.3658,-88.5561,77.41,49,0,11.5,clear sky
31,Ushuaia,AR,-54.8,-68.3,46.06,57,75,2.3,broken clouds
32,East London,ZA,-33.0153,27.9116,67.14,94,40,13.8,scattered clouds
33,Vryburg,ZA,-26.9566,24.7284,54.55,95,100,10.29,heavy intensity rain
34,Tanga,TZ,-5.0667,39.1,81.3,77,21,9.1,few clouds
35,Bonavista,CA,48.6499,-53.1147,35.6,95,100,5.68,overcast clouds
36,Iqaluit,CA,63.7506,-68.5145,26.33,79,100,2.3,light snow
37,Bismil,TR,37.8486,40.6658,62.33,58,45,1.3,scattered clouds
38,Avarua,CK,-21.2078,-159.775,78.85,94,20,3.44,few clouds
39,Vao,NC,-22.6667,167.4833,77.05,84,86,21.05,overcast clouds
40,Szprotawa,PL,51.5656,15.5366,42.64,77,99,8.25,overcast clouds
41,Mataura,NZ,-46.1927,168.8643,39.69,98,16,3.22,few clouds
42,Westport,US,41.1415,-73.3579,49.89,51,100,13.8,overcast clouds
43,Port Macquarie,AU,-31.4333,152.9167,61.9,91,10,4.97,clear sky
44,Jumla,NP,29.2747,82.1838,49.95,59,9,4.47,clear sky
45,San Jose,US,37.3394,-121.895,68.54,27,75,14.97,broken clouds
46,Punta Arenas,CL,-53.15,-70.9167,50.11,50,0,11.5,clear sky
47,Carnarvon,AU,-24.8667,113.6333,68.07,77,0,11.5,clear sky
48,Codrington,AU,-38.2667,141.9667,58.48,62,100,10.69,overcast clouds
49,Nanyamba,TZ,-10.6833,39.8333,71.02,98,16,3.15,few clouds
50,Thompson,CA,55.7435,-97.8558,35.76,93,100,8.05,overcast clouds
51,Airai,TL,-8.9266,125.4092,57.43,70,16,1.39,few clouds
52,Hobart,AU,-42.8794,147.3294,54.01,62,100,6.91,overcast clouds
53,Garissa,KE,-0.4536,39.6401,88.77,42,71,19.77,broken clouds
54,Albany,US,42.6001,-73.9662,45.91,59,93,5.99,overcast clouds
55,Busselton,AU,-33.65,115.3333,53.53,81,71,5.1,broken clouds
56,Kayerkan,RU,69.3497,87.7602,-8.36,98,83,5.17,broken clouds
57,Lorengau,PG,-2.0226,147.2712,80.67,81,91,9.64,overcast clouds
58,Butaritari,KI,3.0707,172.7902,80.55,75,99,7.56,light rain
59,Puerto Ayora,EC,-0.7393,-90.3518,84.16,89,95,8.01,overcast clouds
60,Cidreira,BR,-30.1811,-50.2056,74.16,81,4,15.64,clear sky
61,Calvinia,ZA,-31.4707,19.776,70.59,34,16,11.56,few clouds
62,Keta,GH,5.9179,0.9879,86.22,75,72,13.42,broken clouds
63,Tuktoyaktuk,CA,69.4541,-133.0374,-5.8,77,75,11.5,broken clouds
64,Viedma,AR,-40.8135,-62.9967,67.86,37,100,6.6,overcast clouds
65,Hamilton,US,39.1834,-84.5333,59.63,43,0,11.5,clear sky
66,Neunkirchen,DE,49.35,7.1833,48.92,35,0,3.44,clear sky
67,Tautira,PF,-17.7333,-149.15,81.7,74,71,18.68,light rain
68,Tungor,RU,53.3808,142.9564,14.43,96,85,5.7,overcast clouds
69,Sawtell,AU,-30.3833,153.1,64.18,94,2,4.61,clear sky
70,San Policarpo,PH,12.1791,125.5072,80.22,86,100,20.85,overcast clouds
71,Poum,NC,-20.2333,164.0167,79.27,74,79,13.6,broken clouds
72,Hofn,IS,64.2539,-15.2082,35.73,66,100,1.72,overcast clouds
73,Port Hedland,AU,-20.3167,118.5667,80.65,89,20,9.22,few clouds
74,Novikovo,RU,51.1537,37.8879,53.49,76,100,3.29,overcast clouds
75,Bluff,NZ,-46.6,168.3333,47.16,87,21,11.5,few clouds
76,Lebu,CL,-37.6167,-73.65,54.86,76,47,16.67,scattered clouds
77,Kruisfontein,ZA,-34.0033,24.7314,65.88,85,89,8.63,overcast clouds
78,Provideniya,RU,64.3833,-173.3,22.51,99,99,5.55,overcast clouds
79,Qaanaaq,GL,77.484,-69.3632,-0.31,82,50,5.23,scattered clouds
80,Leningradskiy,RU,69.3833,178.4167,-13.0,92,63,4.76,broken clouds
81,Bajil,YE,15.0584,43.2851,89.6,40,0,2.8,clear sky
82,Ostersund,SE,63.1792,14.6357,36.61,75,100,27.63,overcast clouds
83,Khatanga,RU,71.9667,102.5,1.4,98,98,1.45,overcast clouds
84,Tanete,ID,-3.9443,119.7848,72.81,96,36,1.9,scattered clouds
85,Tala,EG,30.6803,30.9429,61.81,56,4,8.41,clear sky
86,Herat,AF,34.5,62.0,66.87,37,100,11.34,overcast clouds
87,Bambous Virieux,MU,-20.3428,57.7575,77.25,83,75,10.36,light rain
88,Beidao,CN,34.5686,105.8933,60.89,75,22,5.21,few clouds
89,Bantry,IE,51.6833,-9.45,49.78,92,100,22.66,overcast clouds
90,Kargasok,RU,59.0556,80.8572,7.38,95,49,3.62,scattered clouds
91,Sao Gabriel Da Cachoeira,BR,-0.1303,-67.0892,87.37,62,100,1.59,overcast clouds
92,Victoria,HK,22.2855,114.1577,77.18,84,1,5.01,clear sky
93,Vardo,NO,70.3705,31.1107,37.38,87,75,21.85,broken clouds
94,Chokurdakh,RU,70.6333,147.9167,-20.88,100,100,1.16,overcast clouds
95,Lompoc,US,34.6391,-120.4579,74.84,69,0,17.0,haze
96,Aldan,RU,58.6031,125.3894,8.92,97,74,2.57,broken clouds
97,Atuona,PF,-9.8,-139.0333,78.85,77,16,18.28,few clouds
98,Cabo San Lucas,MX,22.8909,-109.9124,80.06,55,18,7.0,few clouds
99,Korla,CN,41.7597,86.1469,61.75,41,85,3.47,overcast clouds
100,Lerwick,GB,60.1545,-1.1494,39.2,56,100,9.53,overcast clouds
101,Tasiilaq,GL,65.6145,-37.6368,30.36,77,42,3.74,scattered clouds
102,Kaitangata,NZ,-46.2817,169.8464,43.93,95,15,5.64,few clouds
103,Graciano Sanchez,MX,23.9167,-99.2833,93.69,25,0,7.63,clear sky
104,Aykhal,RU,66.0,111.5,7.88,100,69,3.22,broken clouds
105,Saint-Philippe,RE,-21.3585,55.7679,78.39,82,70,14.32,light rain
106,Berlevag,NO,70.8578,29.0864,37.4,86,54,18.57,broken clouds
107,Sal Rei,CV,16.1833,-22.9167,73.6,64,75,19.57,broken clouds
108,Belen,TR,36.4891,36.2233,57.34,68,0,12.66,clear sky
109,Dikson,RU,73.5069,80.5464,-6.63,100,80,3.67,broken clouds
110,Zabaykalsk,RU,49.6333,117.3167,27.27,74,72,4.07,broken clouds
111,Mar Del Plata,AR,-38.0023,-57.5575,74.08,96,75,17.0,light rain
112,Portland,US,45.5234,-122.6762,47.1,74,100,8.05,overcast clouds
113,Milkovo,RU,54.7167,158.6167,23.11,84,100,5.53,overcast clouds
114,Burnie,AU,-41.0667,145.9167,53.92,69,42,13.56,scattered clouds
115,Nemuro,JP,43.3236,145.575,37.06,87,94,9.31,overcast clouds
116,Kisangani,CD,0.5167,25.2,72.55,97,100,2.82,moderate rain
117,Praia,CV,14.9215,-23.5087,79.34,53,20,24.16,few clouds
118,Jamestown,US,42.097,-79.2353,38.52,57,100,13.8,overcast clouds
119,Lewistown,US,40.5992,-77.5714,44.15,77,100,8.05,overcast clouds
120,Meadville,US,41.6414,-80.1515,43.77,67,75,11.5,broken clouds
121,Geraldton,AU,-28.7667,114.6,64.81,88,75,10.36,broken clouds
122,Pokrovsk,UA,48.282,37.1758,54.91,57,99,8.19,overcast clouds
123,Vero Beach,US,27.6386,-80.3973,73.06,47,0,13.8,clear sky
124,Pangoa,PE,-12.1167,-73.0,86.38,51,92,5.12,overcast clouds
125,Flinders,AU,-34.5833,150.8552,65.48,91,29,8.01,scattered clouds
126,Gamba,GA,-2.65,10.0,77.56,88,100,5.19,overcast clouds
127,Ust-Barguzin,RU,53.45,108.9833,20.98,97,97,2.08,overcast clouds
128,Amuntai,ID,-2.4177,115.2494,73.27,98,100,1.52,overcast clouds
129,Cherskiy,RU,68.75,161.3,-15.47,100,100,2.77,overcast clouds
130,Georgetown,MY,5.4112,100.3354,82.33,93,20,0.0,few clouds
131,Saint George,US,37.1041,-113.5841,62.8,13,0,7.0,clear sky
132,Hithadhoo,MV,-0.6,73.0833,83.8,72,25,9.35,scattered clouds
133,Tiksi,RU,71.6872,128.8694,-14.98,100,100,0.51,overcast clouds
134,San Cristobal,VE,7.7669,-72.225,78.98,40,96,7.47,overcast clouds
135,Omboue,GA,-1.5746,9.2618,78.03,86,100,6.4,overcast clouds
136,Vostok,RU,46.4856,135.8833,29.44,95,85,5.01,overcast clouds
137,Comodoro Rivadavia,AR,-45.8667,-67.5,55.26,67,75,13.8,light rain
138,Yining,CN,29.0361,114.5636,67.69,71,2,1.83,clear sky
139,Zhanakorgan,KZ,43.9098,67.2495,75.24,32,100,16.44,overcast clouds
140,Chuy,UY,-33.6971,-53.4616,75.36,63,8,15.39,clear sky
141,Ilulissat,GL,69.2167,-51.1,21.22,53,75,3.44,broken clouds
142,Chester,US,40.1254,-75.8749,47.55,62,75,21.85,broken clouds
143,Mazagao,BR,-0.115,-51.2894,82.45,94,84,7.61,broken clouds
144,Eureka,US,40.8021,-124.1637,54.75,70,73,8.99,broken clouds
145,Atambua,ID,-9.1061,124.8925,71.47,88,44,3.56,scattered clouds
146,Komsomolskiy,UZ,40.4272,71.7189,68.72,60,94,2.3,overcast clouds
147,Aripuana,BR,-9.1667,-60.6333,91.08,50,100,1.19,overcast clouds
148,Wakiso,UG,0.4044,32.4594,67.1,85,80,2.1,broken clouds
149,Nikolskoye,RU,59.7035,30.7861,42.69,86,57,9.24,broken clouds
150,Bambanglipuro,ID,-7.95,110.2833,75.99,89,88,2.68,overcast clouds
151,Praya,CV,14.9215,-23.5087,79.34,53,20,24.16,few clouds
152,Kupang,ID,-10.1667,123.5833,76.17,86,3,5.1,clear sky
153,Nanakuli,US,21.3906,-158.1547,77.04,69,100,4.61,overcast clouds
154,Ponta Do Sol,PT,32.6667,-17.1,69.01,70,46,12.44,scattered clouds
155,Sabzevar,IR,36.2126,57.6819,61.88,45,20,23.02,few clouds
156,Manggar,ID,-2.8833,108.2667,78.73,84,98,2.89,overcast clouds
157,Saint-Augustin,CA,51.226,-58.6502,37.29,100,99,2.51,overcast clouds
158,Qaqortoq,GL,60.7167,-46.0333,35.02,51,100,4.43,overcast clouds
159,Kodinar,IN,20.7903,70.7031,80.37,80,5,8.55,clear sky
160,Skibotn,NO,69.3913,20.2679,29.37,88,57,5.14,broken clouds
161,Olafsvik,IS,64.8945,-23.7142,38.68,74,100,15.08,overcast clouds
162,Xanxere,BR,-26.8769,-52.4042,69.91,55,100,3.24,overcast clouds
163,Buin,CL,-33.7333,-70.75,72.05,34,1,8.48,clear sky
164,Rayong,TH,12.8333,101.4333,86.79,99,17,5.1,few clouds
165,Sitka,US,57.0531,-135.33,37.29,75,0,0.0,clear sky
166,Kristiinankaupunki,FI,62.2743,21.376,37.2,83,100,18.68,overcast clouds
167,Kenai,US,60.5544,-151.2583,32.02,63,0,5.75,clear sky
168,Langarud,IR,37.197,50.1535,57.09,83,0,7.7,clear sky
169,Contamana,PE,-7.3333,-75.0167,77.13,86,100,2.04,overcast clouds
170,Benguela,AO,-12.5763,13.4055,77.04,86,46,4.79,light rain
171,Cherdyn,RU,60.403,56.4787,38.26,100,100,9.42,overcast clouds
172,Ratnagiri,IN,16.9833,73.3,81.09,83,96,3.83,overcast clouds
173,Ribeira Grande,PT,38.5167,-28.7,57.6,67,40,28.77,scattered clouds
174,Torbay,CA,47.6666,-52.7314,48.76,88,100,2.3,overcast clouds
175,Belmonte,BR,-15.8631,-38.8828,83.73,66,15,10.4,few clouds
176,Moose Factory,CA,51.2585,-80.6094,30.2,80,100,5.75,overcast clouds
177,Kautokeino,NO,69.0125,23.0412,31.64,96,73,18.39,snow
178,Longyearbyen,SJ,78.2186,15.6401,13.84,48,31,28.77,scattered clouds
179,Padang,ID,-0.9492,100.3543,78.85,86,100,2.46,light rain
180,Severo-Kurilsk,RU,50.6789,156.125,28.98,82,98,16.31,overcast clouds
181,Teya,RU,60.3778,92.6267,7.3,99,98,2.77,overcast clouds
182,Huaicheng,CN,23.9051,112.1931,68.56,56,0,1.1,clear sky
183,Kahului,US,20.8947,-156.47,76.84,74,40,11.5,scattered clouds
184,Lamar,US,33.6668,-95.5836,78.64,53,20,24.16,few clouds
185,Arman,RU,59.7,150.1667,-2.99,81,45,10.0,scattered clouds
186,Kavieng,PG,-2.5744,150.7967,81.64,78,100,10.45,overcast clouds
187,Narsaq,GL,60.9167,-46.05,39.42,43,100,1.86,overcast clouds
188,Drumheller,CA,51.4617,-112.7101,38.53,28,98,19.57,overcast clouds
189,Carutapera,BR,-1.195,-46.02,76.26,94,100,5.53,overcast clouds
190,Torrox,ES,36.7579,-3.9523,67.91,66,95,1.01,overcast clouds
191,Abu Samrah,SY,35.3029,37.1841,65.53,49,3,7.43,clear sky
192,Dhidhdhoo,MV,6.8833,73.1,85.1,70,74,11.7,broken clouds
193,Yellowknife,CA,62.456,-114.3525,13.41,74,40,19.57,scattered clouds
194,Lokosovo,RU,61.1333,74.8167,22.69,93,94,6.8,overcast clouds
195,Los Algarrobos,PA,8.5,-82.4333,90.01,46,40,11.5,scattered clouds
196,Karratha,AU,-20.7377,116.8463,81.55,36,22,11.54,few clouds
197,Katsuura,JP,35.1333,140.3,61.21,90,67,11.34,broken clouds
198,Vila Franca Do Campo,PT,37.7167,-25.4333,59.41,61,69,21.56,broken clouds
199,Nuevo Progreso,MX,23.1667,-97.95,82.54,54,26,3.0,scattered clouds
200,Tamandare,BR,-8.7597,-35.1047,83.34,67,69,9.95,broken clouds
201,Bukavu,CD,-2.5083,28.8608,62.17,94,81,2.17,broken clouds
202,Castro,BR,-24.7911,-50.0119,77.59,49,99,1.48,overcast clouds
203,Santa Cruz Cabralia,BR,-16.2781,-39.0247,86.23,66,0,14.97,clear sky
204,Vila Velha,BR,-20.3297,-40.2925,84.15,78,40,12.66,scattered clouds
205,Mandalgovi,MN,45.7625,106.2708,25.09,87,68,34.56,light snow
206,Kirakira,SB,-10.4544,161.9205,79.43,84,89,4.52,overcast clouds
207,Lakes Entrance,AU,-37.8811,147.981,60.6,87,45,9.62,scattered clouds
208,Alyangula,AU,-13.8483,136.4192,73.27,94,15,0.0,few clouds
209,Shangrao,CN,28.4532,117.9686,67.28,68,7,2.64,clear sky
210,Mao,ES,39.8885,4.2658,57.76,58,0,9.22,clear sky
211,Nouadhibou,MR,20.931,-17.0347,64.83,84,34,25.39,scattered clouds
212,Gimli,CA,50.6336,-96.9907,44.62,57,100,9.22,overcast clouds
213,Namatanai,PG,-3.6667,152.4333,79.47,79,76,5.99,broken clouds
214,Yarim,YE,14.298,44.3779,59.58,48,1,6.04,clear sky
215,Fare,PF,-16.7,-151.0167,81.75,76,3,17.27,light rain
216,Grindavik,IS,63.8424,-22.4338,40.95,75,75,23.02,broken clouds
217,Cedar City,US,37.6775,-113.0619,44.4,18,0,19.57,clear sky
218,Abnub,EG,27.2696,31.1511,89.82,14,11,11.01,few clouds
219,Ibara,JP,34.6,133.4667,58.51,68,100,1.57,overcast clouds
220,Pocone,BR,-16.2567,-56.6228,93.6,44,6,6.8,clear sky
221,Henties Bay,NA,-22.116,14.2845,64.13,71,0,7.49,clear sky
222,Esperance,AU,-33.8667,121.9,58.84,92,6,12.59,clear sky
223,Port Hardy,CA,50.6996,-127.4199,39.38,75,40,9.22,scattered clouds
224,Santo Angelo,BR,-28.2992,-54.2631,73.72,78,0,4.61,light rain
225,Galle,LK,6.0367,80.217,80.98,78,92,8.3,overcast clouds
226,Norman Wells,CA,65.282,-126.8329,8.64,72,40,9.22,scattered clouds
227,Valparaiso,CL,-33.0393,-71.6273,66.43,65,20,12.66,few clouds
228,Ketchikan,US,55.3422,-131.6461,39.67,65,0,11.5,clear sky
229,Saskylakh,RU,71.9167,114.0833,-17.95,100,18,3.0,few clouds
230,Vyazniki,RU,56.25,42.1667,43.9,96,100,0.96,overcast clouds
231,Bandarbeyla,SO,9.4942,50.8122,81.34,75,1,9.28,clear sky
232,Sergeyevka,KZ,53.88,67.4158,44.26,55,86,13.82,overcast clouds
233,Hovd,MN,48.0056,91.6419,28.42,36,9,4.79,clear sky
234,Pehowa,IN,29.9833,76.5833,85.26,10,0,7.18,clear sky
235,Risod,IN,19.9667,76.7833,91.09,18,65,11.41,broken clouds
236,Port Hawkesbury,CA,45.6169,-61.3485,43.81,99,100,8.05,mist
237,Kutum,SD,14.2,24.6667,84.69,10,4,9.06,clear sky
238,Kaina,NG,12.6374,8.5873,94.42,11,87,8.48,overcast clouds
239,Avera,US,33.194,-82.5271,68.56,33,0,7.49,clear sky
240,Road Town,VG,18.4167,-64.6167,84.24,65,40,8.05,scattered clouds
241,Arraial Do Cabo,BR,-22.9661,-42.0278,84.16,65,40,12.66,scattered clouds
242,Bellefontaine,US,40.3612,-83.7597,55.13,45,0,5.75,clear sky
243,Nakhon Phanom,TH,17.3333,104.4167,78.66,43,2,4.45,clear sky
244,Constitucion,CL,-35.3333,-72.4167,57.87,68,29,8.77,scattered clouds
245,Savalou,BJ,7.9281,1.9756,85.96,55,37,12.39,light rain
246,Jardim,BR,-21.4803,-56.1381,97.18,30,6,9.06,clear sky
247,Tuatapere,NZ,-46.1333,167.6833,44.38,90,3,6.58,clear sky
248,Barra Do Corda,BR,-5.5,-45.25,85.86,69,100,0.81,overcast clouds
249,Qazvin,IR,36.2797,50.0049,55.02,44,0,4.61,clear sky
250,Buala,SB,-8.145,159.5921,79.12,81,21,2.35,few clouds
251,Samana,DO,19.2056,-69.3369,86.22,66,40,6.91,scattered clouds
252,Kashi,CN,39.4547,75.9797,72.61,13,70,0.0,broken clouds
253,Dongning,CN,44.0622,131.1207,56.39,80,99,2.06,overcast clouds
254,Pandan,PH,14.0453,124.1694,79.09,89,100,19.13,moderate rain
255,Harper,LR,4.375,-7.7169,83.41,73,61,8.08,broken clouds
256,Jiaozuo,CN,35.2397,113.2331,71.55,46,0,3.02,clear sky
257,Areia Branca,BR,-4.9561,-37.1369,89.8,71,95,11.9,overcast clouds
258,Te Anau,NZ,-45.4167,167.7167,48.29,82,11,7.25,few clouds
259,Porto Novo,BJ,6.4965,2.6036,85.82,78,78,10.74,broken clouds
260,Hami,CN,42.8,93.45,53.13,15,90,17.69,overcast clouds
261,Klaksvik,FO,62.2266,-6.589,34.72,64,98,9.78,overcast clouds
262,Upernavik,GL,72.7868,-56.1549,6.46,76,73,7.7,broken clouds
263,Carupano,VE,10.6678,-63.2585,84.47,65,60,14.97,broken clouds
264,Griffith,US,41.5284,-87.4237,58.3,45,0,23.02,clear sky
265,Bethel,US,41.3712,-73.414,48.07,56,100,12.66,overcast clouds
266,Dunedin,NZ,-45.8742,170.5036,51.8,90,5,1.01,clear sky
267,Souillac,MU,-20.5167,57.5167,77.38,83,75,10.36,light rain
268,Axim,GH,4.8699,-2.2405,82.94,78,94,7.76,overcast clouds
269,Rominimbang,PH,7.5,124.3,66.72,94,100,3.44,overcast clouds
270,Agdas,AZ,40.65,47.4761,57.07,54,33,5.75,scattered clouds
271,Grand Gaube,MU,-20.0064,57.6608,77.4,87,58,1.99,broken clouds
272,Zeya,RU,53.75,127.2667,30.27,56,100,9.53,overcast clouds
273,Rocha,UY,-34.4833,-54.3333,79.75,47,1,16.17,clear sky
274,Hasaki,JP,35.7333,140.8333,57.29,87,36,12.15,scattered clouds
275,Lashio,MM,22.9333,97.75,67.77,57,16,1.7,few clouds
276,Dingle,PH,10.9995,122.6711,72.75,96,100,7.72,light rain
277,Chicama,PE,-7.8447,-79.1469,80.04,60,86,10.74,overcast clouds
278,Buraydah,SA,26.326,43.975,86.45,13,39,12.44,scattered clouds
279,Kyshtovka,RU,56.555,76.6271,20.26,93,9,3.78,clear sky
280,Paraiso,CR,9.8383,-83.8656,76.87,67,100,6.33,overcast clouds
281,Pemangkat,ID,1.1667,108.9667,79.3,76,73,3.18,broken clouds
282,Talnakh,RU,69.4865,88.3972,-6.47,99,94,2.24,overcast clouds
283,Thinadhoo,MV,0.5333,72.9333,84.29,66,24,9.37,few clouds
284,Asfi,MA,32.2994,-9.2372,62.83,80,100,7.9,overcast clouds
285,Port-Gentil,GA,-0.7193,8.7815,80.53,81,84,8.46,broken clouds
286,Muromtsevo,RU,56.3724,75.2418,23.45,94,13,3.83,few clouds
287,San Patricio,US,28.017,-97.5169,86.16,55,18,26.17,few clouds
288,Giyani,ZA,-23.3025,30.7187,71.56,62,98,9.37,overcast clouds
289,Zhoucheng,CN,35.9122,116.3117,64.81,75,0,8.3,clear sky
290,Vanimo,PG,-2.6741,141.3028,77.43,89,90,6.89,overcast clouds
291,Sao Filipe,CV,14.8961,-24.4956,74.44,72,9,18.61,clear sky
292,Porto Nacional,BR,-10.7081,-48.4172,91.4,44,12,1.48,few clouds
293,Morro Bay,US,35.3658,-120.8499,75.99,29,28,6.91,scattered clouds
294,Inverell,AU,-29.7833,151.1167,58.15,93,0,3.09,clear sky
295,Monrovia,LR,6.3005,-10.7969,85.77,75,99,9.78,overcast clouds
296,Ushtobe,KZ,45.2514,77.9838,50.95,28,92,20.09,overcast clouds
297,Mayor Pablo Lagerenza,PY,-19.9309,-60.7718,101.89,25,6,16.24,clear sky
298,Erenhot,CN,43.6475,111.9767,53.82,18,94,20.65,overcast clouds
299,Asau,RO,46.4333,26.4,39.96,92,100,6.6,overcast clouds
300,Sambava,MG,-14.2667,50.1667,76.48,90,51,9.4,broken clouds
301,Sinop,TR,41.7711,34.8709,57.2,66,69,7.4,broken clouds
302,Nizwa,OM,22.9333,57.5333,86.18,10,63,5.95,broken clouds
303,Bathsheba,BB,13.2167,-59.5167,86.61,62,75,23.02,broken clouds
304,Saint Anthony,US,45.0205,-93.218,57.76,34,0,19.57,clear sky
305,Skibbereen,IE,51.55,-9.2667,50.11,90,100,24.67,overcast clouds
306,Havoysund,NO,70.9963,24.6622,39.43,85,35,15.03,scattered clouds
307,Verkh-Usugli,RU,52.7,115.1667,27.1,86,100,1.57,overcast clouds
308,Neryungri,RU,56.6709,124.6491,2.59,98,100,4.05,overcast clouds
309,Fairbanks,US,64.8378,-147.7164,14.59,60,100,1.99,overcast clouds
310,Ghanzi,BW,-21.5667,21.7833,71.13,61,43,10.4,scattered clouds
311,Medea,DZ,36.2642,2.7539,61.02,51,39,6.46,scattered clouds
312,Puli,TW,23.9664,120.9695,74.21,77,42,2.75,scattered clouds
313,Khromtau,KZ,50.2503,58.4347,43.86,99,99,8.34,overcast clouds
314,Salalah,OM,17.0151,54.0924,82.49,83,0,3.44,clear sky
315,Namwala,ZM,-15.7504,26.4384,65.26,88,100,3.56,overcast clouds
316,Port Elizabeth,ZA,-33.918,25.5701,67.1,95,40,9.22,scattered clouds
317,Colonia,DE,50.9333,6.95,53.06,34,0,3.44,clear sky
318,Robertsport,LR,6.7533,-11.3686,82.29,81,71,10.27,broken clouds
319,Buenos Aires,AR,-34.6132,-58.3772,79.99,67,40,9.22,scattered clouds
320,Daru,PG,-9.0763,143.2092,79.97,87,100,6.11,overcast clouds
321,Borskoye,RU,53.0333,51.7167,50.22,88,100,6.71,overcast clouds
322,Udachnyy,RU,66.4167,112.4,2.8,100,59,3.04,broken clouds
323,Vila Do Maio,CV,15.1333,-23.2167,79.59,80,11,19.42,few clouds
324,Christchurch,NZ,-43.5333,172.6333,55.94,91,51,3.44,broken clouds
325,Byron Bay,AU,-28.65,153.6167,65.95,93,20,7.87,few clouds
326,Damaturu,NG,11.747,11.9608,94.23,16,97,4.45,overcast clouds
327,Outjo,NA,-20.1167,16.15,74.82,36,9,8.23,clear sky
328,Churapcha,RU,62.0025,132.4325,3.18,86,87,6.24,overcast clouds
329,Imbituba,BR,-28.24,-48.6703,75.63,76,44,8.72,scattered clouds
330,Chumikan,RU,54.7183,135.315,17.62,90,99,13.11,overcast clouds
331,Russell,US,32.3502,-85.1999,72.97,27,0,5.75,clear sky
332,Bhavani,IN,11.45,77.6833,83.32,59,100,2.21,overcast clouds
333,Lavrentiya,RU,65.5833,-171.0,19.62,98,93,5.01,overcast clouds
334,Moorpark,US,34.2856,-118.882,74.39,69,18,1.99,few clouds
335,Namibe,AO,-15.1961,12.1522,71.73,80,33,6.76,scattered clouds
336,Veraval,IN,20.9,70.3667,80.89,80,8,8.23,clear sky
337,Saint-Georges,GD,12.0564,-61.7485,83.88,74,20,20.71,few clouds
338,Nacala,MZ,-14.5428,40.6728,74.39,94,7,6.17,light rain
339,Leh,IN,34.1667,77.5833,31.44,50,0,5.75,clear sky
340,Inhambane,MZ,-23.865,35.3833,74.66,89,100,12.5,moderate rain
341,Cravo Norte,CO,6.3017,-70.2041,93.51,36,99,8.43,overcast clouds
342,Pangai,TO,-19.8,-174.35,75.31,88,20,0.0,few clouds
343,Nanortalik,GL,60.1432,-45.2371,33.03,73,100,4.41,overcast clouds
344,Mahon,ES,39.8885,4.2658,57.76,58,0,9.22,clear sky
345,Trelew,AR,-43.249,-65.3051,62.83,46,2,23.71,clear sky
346,Jiblah,YE,13.9216,44.1467,64.51,46,3,5.99,clear sky
347,Basco,PH,20.4487,121.9702,78.96,81,73,18.14,broken clouds
348,Shelburne,CA,44.0787,-80.2041,40.77,70,97,13.0,overcast clouds
349,Abu Kamal,SY,34.4506,40.9171,77.0,19,82,11.27,broken clouds
350,Svetlaya,RU,46.5389,138.3297,34.45,97,100,7.05,overcast clouds
351,Dongsheng,CN,39.8161,109.9776,56.08,13,98,25.72,overcast clouds
352,Nizhniy Kuranakh,RU,58.8353,125.4869,7.11,98,78,2.66,broken clouds
353,San Andres,CO,12.5847,-81.7006,86.02,66,20,14.97,few clouds
354,Campo Grande,BR,-20.4428,-54.6464,89.15,48,75,11.5,broken clouds
355,Uribia,CO,11.7139,-72.266,92.41,39,99,19.62,overcast clouds
356,Luderitz,NA,-26.6481,15.1594,69.66,61,0,9.73,clear sky
357,Sungurlu,TR,40.1675,34.3739,57.16,57,32,6.17,scattered clouds
358,Anadyr,RU,64.75,177.4833,19.9,85,0,4.47,clear sky
359,Merauke,ID,-8.4667,140.3333,77.79,89,76,6.26,broken clouds
360,Marzuq,YE,14.4,46.4667,72.37,43,0,8.93,clear sky
361,Sakata,JP,38.9167,139.855,56.28,58,0,6.33,clear sky
362,Nisia Floresta,BR,-6.0911,-35.2086,88.61,63,65,12.44,broken clouds
363,Los Llanos De Aridane,ES,28.6585,-17.9182,64.15,82,20,5.99,few clouds
364,Ahipara,NZ,-35.1667,173.1667,58.3,83,40,6.82,scattered clouds
365,Naze,JP,28.3667,129.4833,67.12,93,92,12.08,overcast clouds
366,Taiyuan,CN,37.8694,112.5603,66.06,24,0,4.47,clear sky
367,Riyadh,SA,24.6877,46.7219,84.34,14,6,11.72,clear sky
368,Taoudenni,ML,22.6783,-3.9836,91.47,4,0,8.79,clear sky
369,Santa Marta,CO,11.2408,-74.199,91.45,58,20,5.75,few clouds
370,Ambilobe,MG,-13.2,49.05,74.89,93,49,2.98,scattered clouds
371,Lafia,NG,8.4833,8.5167,90.3,41,100,4.23,overcast clouds
372,Sinnamary,GF,5.3833,-52.95,82.18,75,84,13.2,broken clouds
373,Roald,NO,62.5833,6.1333,41.32,65,40,14.97,scattered clouds
374,Cordoba,AR,-31.4135,-64.1811,79.65,69,75,11.5,broken clouds
375,Vila,PT,42.0304,-8.1588,58.69,71,46,7.81,scattered clouds
376,Launceston,AU,-41.45,147.1667,53.8,84,50,8.05,scattered clouds
377,Dodge City,US,37.7528,-100.0171,66.24,44,6,15.01,clear sky
378,Mount Gambier,AU,-37.8333,140.7667,57.11,72,75,8.05,broken clouds
379,Mahebourg,MU,-20.4081,57.7,77.29,83,75,10.36,broken clouds
380,Namuac,PH,18.6109,121.1657,76.35,91,80,10.42,broken clouds
381,Mapiripan,CO,2.8892,-72.1256,84.47,70,99,2.3,overcast clouds
382,Oyem,GA,1.5995,11.5793,76.77,68,88,2.17,overcast clouds
383,Morant Bay,JM,17.8815,-76.4093,83.82,68,52,10.67,broken clouds
384,Kaeo,NZ,-35.1,173.7833,60.96,77,65,6.31,broken clouds
385,Port Blair,IN,11.6667,92.75,80.64,83,20,2.3,mist
386,Tazovskiy,RU,67.4667,78.7,12.52,95,100,9.4,overcast clouds
387,Lucea,JM,18.451,-78.1736,81.86,73,66,12.75,broken clouds
388,Rabo De Peixe,PT,37.8,-25.5833,58.51,58,40,20.71,scattered clouds
389,Remiremont,FR,48.0175,6.5882,51.98,69,63,4.07,broken clouds
390,Meulaboh,ID,4.1363,96.1285,78.15,86,92,1.03,overcast clouds
391,Dongzhen,CN,22.3797,110.9389,68.86,74,0,1.72,clear sky
392,Yumen,CN,40.2833,97.2,47.05,52,100,10.25,overcast clouds
393,Yambio,SS,4.5721,28.3955,72.18,76,76,6.44,light rain
394,Celarevo,RS,45.2694,19.5253,48.94,51,75,10.31,broken clouds
395,Vengerovo,RU,55.6848,76.7471,25.32,90,7,4.23,clear sky
396,Sterling,US,39.0062,-77.4286,52.36,48,75,20.0,broken clouds
397,Kozhva,RU,65.1073,57.0459,38.1,98,100,11.48,overcast clouds
398,Hambantota,LK,6.1241,81.1185,79.84,78,70,11.81,broken clouds
399,Arak,IR,34.0917,49.6892,57.38,22,3,4.27,clear sky
400,Fort Collins,US,40.5853,-105.0844,49.66,26,0,25.32,clear sky
401,Angoram,PG,-4.0625,144.0661,71.91,99,43,2.08,scattered clouds
402,Mackay,AU,-21.15,149.2,75.69,100,40,12.66,scattered clouds
403,Fortuna,US,40.5982,-124.1573,52.93,68,73,8.01,broken clouds
404,Sault Sainte Marie,CA,46.5168,-84.3333,45.16,33,0,8.05,clear sky
405,Copiapo,CL,-27.3667,-70.3333,62.29,33,0,8.34,clear sky
406,Yulara,AU,-25.2406,130.9889,60.64,29,0,1.14,clear sky
407,Kijang,KR,35.2442,129.2139,58.73,87,95,6.67,overcast clouds
408,Kalakamati,BW,-20.5929,27.3121,63.66,78,100,12.26,overcast clouds
409,Shimoda,JP,34.6667,138.95,60.1,80,95,7.49,overcast clouds
410,Shadrinsk,RU,56.0852,63.6335,36.05,88,100,9.44,overcast clouds
411,Tooele,US,40.5308,-112.2983,41.32,38,0,4.61,clear sky
412,Kavaratti,IN,10.5669,72.642,83.91,76,100,10.07,overcast clouds
413,Whittlesea,ZA,-32.1759,26.8244,54.57,97,100,3.49,overcast clouds
414,The Valley,AI,18.217,-63.0578,83.1,74,20,12.66,few clouds
415,Olinda,BR,-8.0089,-34.8553,83.93,74,40,13.8,scattered clouds
416,Cayenne,GF,4.9333,-52.3333,83.08,1,75,5.99,broken clouds
417,Coronado,US,32.6859,-117.1831,67.5,75,100,9.22,overcast clouds
418,Zhuhai,CN,22.2769,113.5678,74.98,94,40,4.61,scattered clouds
419,Scarborough,GB,54.2797,-0.4044,51.37,67,100,8.99,overcast clouds
420,Mabaruma,GY,8.2,-59.7833,80.19,85,55,6.91,broken clouds
421,Antofagasta,CL,-23.65,-70.4,65.48,68,16,8.55,few clouds
422,Pacific Grove,US,36.6177,-121.9166,67.89,67,0,9.22,clear sky
423,San Juan,AR,-31.5375,-68.5364,68.09,42,47,18.39,scattered clouds
424,Chaupimarca,PE,-10.4333,-76.5333,47.26,67,99,5.64,overcast clouds
425,Ishigaki,JP,24.3448,124.1572,73.53,100,100,11.5,overcast clouds
426,Aluksne,LV,57.4167,27.05,36.27,76,54,7.76,broken clouds
427,Coihaique,CL,-45.5752,-72.0662,57.81,62,75,3.44,broken clouds
428,Carroll,US,39.5501,-77.0164,48.83,51,75,19.57,broken clouds
429,Challapata,BO,-18.9,-66.7667,56.91,44,66,8.72,broken clouds
430,Virginia Beach,US,36.8529,-75.978,57.06,43,75,16.11,broken clouds
431,Goshen,US,41.5823,-85.8344,57.72,41,0,10.36,clear sky
432,Healesville,AU,-37.65,145.5167,65.53,95,82,0.49,broken clouds
433,Mongo,TD,12.1844,18.693,92.08,31,100,14.52,overcast clouds
434,Batemans Bay,AU,-35.7167,150.1833,63.1,84,12,4.34,few clouds
435,Tiarei,PF,-17.5333,-149.3333,80.62,76,56,18.03,light rain
436,Nuuk,GL,64.1835,-51.7216,34.41,60,75,10.36,broken clouds
437,Alta Floresta,BR,-9.8756,-56.0861,93.02,52,40,3.44,scattered clouds
438,Muros,ES,42.7762,-9.0603,64.69,76,58,13.04,broken clouds
439,Saint-Joseph,RE,-21.3667,55.6167,77.38,81,46,14.61,light rain
440,Nyurba,RU,63.2842,118.3319,0.16,100,62,1.36,broken clouds
441,Hanzhong,CN,33.0728,107.0303,64.36,68,4,1.19,clear sky
442,Meadow Lake,US,34.8014,-106.5436,72.7,13,39,24.52,scattered clouds
443,Alghero,IT,40.5589,8.3181,57.29,58,0,5.75,clear sky
444,Tete,MZ,-16.1564,33.5867,78.89,83,75,3.44,broken clouds
445,Northam,GB,51.0333,-4.2167,51.62,58,100,18.1,overcast clouds
446,Cabedelo,BR,-6.9811,-34.8339,84.87,71,74,14.45,broken clouds
447,Tall Kayf,TR,37.0833,41.0667,72.79,28,40,6.13,scattered clouds
448,Abapo,BO,-18.8333,-63.4667,94.44,30,7,8.28,clear sky
449,Bocanda,CI,7.0626,-4.4995,89.42,52,97,2.57,overcast clouds
450,Petropavlovsk-Kamchatskiy,RU,53.0452,158.6483,25.39,63,75,4.47,broken clouds
451,Barra Patuca,HN,15.8,-84.2833,81.37,64,97,11.92,overcast clouds
452,Asaba,NG,6.2006,6.7338,85.68,58,93,5.79,overcast clouds
453,San Quintin,MX,30.4833,-115.95,64.74,64,42,8.79,scattered clouds
454,Luanda,AO,-8.8368,13.2343,80.6,78,20,8.05,few clouds
455,Maridi,SS,4.9158,29.4742,72.12,82,97,3.74,overcast clouds
456,Frontera,MX,26.9333,-101.45,92.32,26,40,10.0,scattered clouds
457,Sorland,NO,67.667,12.6934,37.26,72,100,19.15,overcast clouds
458,Srednekolymsk,RU,67.45,153.6833,-0.87,98,100,7.72,overcast clouds
459,Ziro,IN,27.6333,93.8333,49.48,96,69,3.15,broken clouds
460,Barinas,VE,8.6226,-70.2075,95.04,41,86,9.22,overcast clouds
461,Trinidad,BO,-14.8333,-64.9,86.47,68,22,8.61,few clouds
462,Ulladulla,AU,-35.35,150.4667,65.3,79,23,4.76,few clouds
463,Chunoyar,RU,57.4467,97.3217,25.72,94,100,6.4,light snow
464,Tigil,RU,57.8,158.6667,8.22,96,77,3.18,broken clouds
465,Biak,ID,-0.9131,122.8766,76.95,78,84,6.2,broken clouds
466,Sobolevo,RU,54.4299,31.8996,42.58,62,100,4.99,overcast clouds
467,Tubinskiy,RU,52.8892,58.2225,41.99,77,100,10.29,overcast clouds
468,Marrakesh,MA,31.6315,-8.0083,82.47,36,43,10.36,scattered clouds
469,Lagoa,PT,39.05,-27.9833,55.94,60,100,33.35,overcast clouds
470,Sehithwa,BW,-20.4667,22.7167,71.8,65,25,5.91,light rain
471,Namtsy,RU,62.7161,129.6658,-2.2,94,93,5.23,overcast clouds
472,Aklavik,CA,68.2191,-135.0107,1.4,78,20,0.0,few clouds
473,Ancud,CL,-41.8697,-73.8203,55.22,71,94,4.65,overcast clouds
474,Stromness,GB,58.965,-3.296,40.96,78,98,5.99,overcast clouds
475,Cascais,PT,38.6979,-9.4215,64.26,80,40,15.99,scattered clouds
476,Simao,CN,22.7886,100.9748,61.57,68,23,0.45,few clouds
477,Kilindoni,TZ,-7.9139,39.6668,83.37,74,35,13.04,scattered clouds
478,La Ronge,CA,55.1001,-105.2842,23.25,63,100,16.11,overcast clouds
479,Shingu,JP,33.7333,135.9833,57.79,72,95,5.23,overcast clouds
480,Valdivia,CL,-39.8142,-73.2459,50.09,80,100,2.37,overcast clouds
481,Acapulco,MX,16.8634,-99.8901,87.62,51,0,8.05,clear sky
482,Pitimbu,BR,-7.4706,-34.8086,84.79,71,59,14.67,broken clouds
483,Keningau,MY,5.3378,116.1602,69.6,98,94,1.63,overcast clouds
484,Davila,PH,18.4726,120.5763,79.47,78,71,4.56,broken clouds
485,Iberia,US,29.9502,-91.7507,77.05,57,0,24.16,clear sky
486,Taltal,CL,-25.4,-70.4833,65.3,67,7,5.97,clear sky
487,Tiznit,MA,29.5833,-9.5,74.34,34,32,5.95,scattered clouds
488,Pacifica,US,37.6138,-122.4869,68.41,49,40,14.97,scattered clouds
489,Kenora,CA,49.8167,-94.4337,41.97,65,100,13.8,overcast clouds
490,Lufilufi,WS,-13.8745,-171.5986,73.18,79,38,11.95,scattered clouds
491,Montecristo,CO,8.2971,-74.4733,88.61,66,100,1.77,overcast clouds
492,Qasigiannguit,GL,68.8193,-51.1922,21.45,70,100,0.36,overcast clouds
493,San Angelo,US,31.4638,-100.437,82.11,34,0,19.57,clear sky
494,Antalaha,MG,-14.9003,50.2788,74.46,93,89,6.8,overcast clouds
495,Alofi,NU,-19.0595,-169.9187,75.09,94,25,2.3,scattered clouds
496,Rodos,GR,36.4408,28.2225,66.78,67,20,3.44,few clouds
497,Ndjole,GA,-0.1783,10.7649,80.31,77,59,3.11,broken clouds
498,Toledo,ES,39.8333,-4.0,67.68,47,80,12.33,broken clouds
499,Cervo,ES,43.6702,-7.4101,60.76,74,81,7.4,broken clouds
500,Rabaul,PG,-4.1967,152.1721,80.11,76,52,0.74,broken clouds
501,Port Lincoln,AU,-34.7333,135.8667,63.01,80,100,15.19,overcast clouds
502,Vanavara,RU,60.34,102.2797,13.17,96,61,3.58,broken clouds
503,Sakakah,SA,29.9697,40.2064,81.97,15,78,12.28,broken clouds
504,Kaduqli,SD,11.0167,29.7167,90.09,26,53,1.43,broken clouds
505,Birao,CF,10.2849,22.7882,85.8,43,83,5.93,broken clouds
506,Hualmay,PE,-11.0964,-77.6139,73.06,75,55,9.33,broken clouds
507,Kotri,PK,25.366,68.3122,85.68,42,82,14.67,broken clouds
508,Prince Rupert,CA,54.3161,-130.3201,42.49,70,0,2.3,clear sky
509,Ternate,ID,0.8,127.4,80.8,81,100,8.48,overcast clouds
510,Rio Gallegos,AR,-51.6226,-69.2181,55.45,50,75,8.05,broken clouds
511,Charters Towers,AU,-20.1,146.2667,71.64,88,51,6.71,broken clouds
512,Zhongshu,CN,24.5167,103.7667,59.2,71,25,3.11,scattered clouds
513,Channel-Port Aux Basques,CA,47.5702,-59.1367,38.71,92,95,10.38,overcast clouds
514,Fenoarivo Atsinanana,MG,-17.3667,49.4167,75.51,85,14,10.47,light rain
515,Pisco,PE,-13.7,-76.2167,73.02,78,86,7.18,overcast clouds
516,Banda Aceh,ID,5.5577,95.3222,80.42,79,69,1.72,broken clouds
517,Tarko-Sale,RU,64.9225,77.785,23.4,96,100,15.1,light snow
518,Mchinji,MW,-13.7984,32.8802,62.31,98,55,3.71,broken clouds
519,Makat,KZ,47.6469,53.3463,56.07,71,14,2.89,few clouds
520,Sisimiut,GL,66.9395,-53.6735,27.9,57,100,1.03,overcast clouds
521,Banjar,ID,-8.19,114.9675,75.43,89,36,4.52,scattered clouds
522,Necochea,AR,-38.5473,-58.7368,72.1,64,100,6.02,overcast clouds
523,Borogontsy,RU,62.6683,131.1683,-3.69,95,77,3.94,broken clouds
524,La Primavera,CO,5.4906,-70.4092,93.65,36,96,6.4,overcast clouds
525,Capreol,CA,46.706,-80.9225,42.91,60,75,8.05,broken clouds
526,Alice Springs,AU,-23.7,133.8833,69.22,32,60,0.0,broken clouds
527,Gdov,RU,58.7406,27.8122,35.13,82,46,10.56,scattered clouds
528,Boguchany,RU,58.3814,97.4531,25.25,99,99,2.33,overcast clouds
529,Honiara,SB,-9.4333,159.95,77.07,86,43,3.13,scattered clouds
530,Santa Cruz Del Norte,CU,23.1539,-81.9236,73.09,52,4,16.6,clear sky
531,Omsukchan,RU,62.5333,155.8,-21.35,100,69,4.21,broken clouds
532,Krasnaya Gorbatka,RU,55.8703,41.7641,44.96,97,100,1.54,overcast clouds
533,Kurumkan,RU,54.3,110.3,26.82,78,100,3.18,overcast clouds
534,Parkes,AU,-33.1333,148.1833,58.35,90,11,2.42,few clouds
535,Camacha,PT,33.0833,-16.3333,63.82,68,20,16.11,few clouds
536,Tawau,MY,4.2498,117.8871,78.93,94,99,5.01,overcast clouds
537,Koscian,PL,52.0883,16.6487,43.34,78,92,8.68,overcast clouds
538,Athabasca,CA,54.7169,-113.2854,28.81,53,100,22.84,overcast clouds
539,Bubaque,GW,11.2833,-15.8333,76.75,74,32,18.23,scattered clouds
540,Seoul,KR,37.5683,126.9778,54.97,74,40,1.14,scattered clouds
541,Mandurah,AU,-32.55,115.7,57.9,78,60,4.99,broken clouds
542,Half Moon Bay,US,37.4636,-122.4286,68.59,33,40,14.97,scattered clouds
543,Okhotsk,RU,59.3833,143.3,22.03,90,100,9.31,overcast clouds
544,Huarmey,PE,-10.0681,-78.1522,73.98,76,42,11.03,scattered clouds
545,Andenes,NO,69.3143,16.1194,37.38,60,40,18.41,scattered clouds
546,Melito Di Porto Salvo,IT,37.9222,15.7714,57.2,62,2,18.41,clear sky
547,Tessalit,ML,20.1986,1.0114,92.61,5,0,9.13,clear sky
548,Akyab,MM,20.15,92.9,81.05,80,14,5.26,few clouds
549,Pangnirtung,CA,66.1451,-65.7125,19.4,68,75,5.75,broken clouds
550,Hit,IQ,33.6416,42.8251,77.2,17,61,9.82,broken clouds
551,Mayo,US,38.8876,-76.5119,51.26,48,100,14.0,overcast clouds
552,Coquimbo,CL,-29.9533,-71.3436,60.53,72,75,3.44,broken clouds
553,Kuopio,FI,62.8924,27.677,33.75,86,100,11.5,overcast clouds
554,Helena,US,46.5927,-112.0361,37.17,38,75,9.22,broken clouds
555,El Limon,VE,10.3059,-67.6321,89.01,44,81,2.35,broken clouds
556,Yatou,CN,37.15,122.3833,51.39,95,8,12.8,clear sky
557,Faya,SA,18.3851,42.4509,68.11,41,1,2.84,clear sky
558,Zheleznodorozhnyy,RU,55.7503,38.0042,43.32,92,100,3.15,overcast clouds
559,Fairview,US,40.8126,-73.999,49.82,47,100,21.85,overcast clouds
560,Angoche,MZ,-16.2325,39.9086,77.54,86,37,7.38,scattered clouds
561,Gold Coast,AU,-28.0,153.4333,68.0,94,0,4.61,clear sky
562,Ambon,ID,-3.6954,128.1814,75.34,94,20,4.61,few clouds
563,Sao Joao Da Barra,BR,-21.6403,-41.0511,86.09,77,43,8.57,scattered clouds
564,Qeshm,IR,26.9581,56.2719,82.29,51,1,11.52,clear sky
565,Sao Miguel,BR,-5.4667,-35.3667,88.57,64,40,14.67,scattered clouds
566,Isangel,VU,-19.55,169.2667,78.91,85,65,7.83,broken clouds
567,Newark,US,40.7357,-74.1724,50.92,45,75,19.57,broken clouds
568,Cao Bang,VN,22.6667,106.25,67.62,85,0,2.84,clear sky
569,Santiago,CL,-33.4569,-70.6483,71.29,45,20,4.61,few clouds
570,Hearst,CA,49.6835,-83.6665,39.45,99,95,1.79,overcast clouds
571,Teguise,ES,29.0605,-13.564,66.42,78,20,6.91,few clouds
572,Kungurtug,RU,50.5994,97.5228,14.76,87,80,2.37,broken clouds
573,Riwaka,NZ,-41.0833,173.0,54.01,80,5,3.76,clear sky
574,Paciran,ID,-6.8767,112.3761,78.73,84,75,5.61,broken clouds
575,Whitehorse,CA,60.7161,-135.0538,19.09,52,75,5.75,broken clouds
576,Slovenska Bistrica,SI,46.3928,15.5744,47.1,65,40,3.44,scattered clouds
577,Vestmanna,FO,62.1564,-7.1664,32.92,64,75,5.75,broken clouds
578,Oriximina,BR,-1.7656,-55.8661,76.93,94,99,2.59,overcast clouds
579,Garden City,US,42.3256,-83.331,54.9,45,20,5.75,few clouds
580,Ust-Nera,RU,64.5667,143.2,-20.2,99,58,6.13,broken clouds
581,Saldanha,ZA,-33.0117,17.9442,77.05,71,0,8.41,clear sky
582,Moyale,KE,3.5167,39.0584,72.05,67,58,4.97,broken clouds
583,Panzhihua,CN,26.5851,101.7128,66.24,68,27,0.29,scattered clouds
584,Libenge,CD,3.65,18.6333,72.73,89,94,5.03,overcast clouds
585,Baghdad,IQ,33.3406,44.4009,71.51,30,41,5.75,scattered clouds
586,Nalut,LY,30.3333,10.85,74.01,14,0,11.45,clear sky
587,Jeremoabo,BR,-10.075,-38.4808,89.8,42,76,9.17,broken clouds
588,Alekseyevka,RU,50.6309,38.6903,55.94,66,100,6.49,overcast clouds
589,Metro,ID,-5.1131,105.3067,74.79,88,100,6.51,overcast clouds
590,Baker City,US,44.7749,-117.8344,35.58,82,100,0.0,overcast clouds
591,Gus-Khrustalnyy,RU,55.6111,40.6519,42.55,99,100,4.07,overcast clouds
592,Paamiut,GL,61.994,-49.6678,31.48,80,100,15.26,overcast clouds
593,Sibolga,ID,1.7427,98.7792,76.66,89,100,2.62,moderate rain
594,Sabha,LY,27.0377,14.4283,79.86,17,0,18.5,clear sky
595,San Vicente De Canete,PE,-13.0751,-76.3835,74.52,71,80,8.61,broken clouds
596,Itoman,JP,26.1247,127.6694,73.78,92,75,13.8,broken clouds
597,Grand-Lahou,CI,5.1367,-5.0242,82.96,77,20,9.55,few clouds
598,Dutse,NG,11.7594,9.3392,93.16,16,100,5.77,overcast clouds
599,Funadhoo,MV,6.15,73.2667,85.55,69,78,12.73,broken clouds
600,Yangambi,CD,0.8102,24.4336,71.89,97,85,2.17,light rain
601,Agirish,RU,61.9247,63.0231,37.42,98,100,9.53,overcast clouds
602,Oussouye,SN,12.485,-16.5469,80.69,39,19,16.51,few clouds
603,Mandal,IN,25.45,74.5667,85.21,12,1,9.13,clear sky
604,Kansanshi,ZM,-12.0951,26.4273,62.11,95,96,4.25,overcast clouds
605,Cloquet,US,46.7216,-92.4594,47.37,42,100,6.91,overcast clouds
606,Olga,RU,43.7444,135.2892,39.04,90,100,1.36,overcast clouds
607,Oistins,BB,13.0667,-59.5333,86.09,62,75,23.02,broken clouds
608,Oksfjord,NO,70.2396,22.3479,35.67,94,92,5.99,overcast clouds
609,Umm Lajj,SA,25.0213,37.2685,79.09,53,2,5.35,clear sky
610,Sakti,IN,22.0333,82.9667,84.87,20,16,3.06,few clouds
611,Show Low,US,34.2542,-110.0298,63.09,26,0,18.41,clear sky
612,Jiayuguan,CN,39.8167,98.3,45.34,34,88,6.24,overcast clouds
613,Yabelo,ET,4.8833,38.0833,63.68,66,43,12.3,scattered clouds
614,Maputo,MZ,-25.9653,32.5892,74.88,83,75,6.91,broken clouds
615,Rambha,IN,19.5167,85.1,79.92,80,27,16.06,scattered clouds
616,Varhaug,NO,58.6147,5.6457,41.49,76,26,22.03,scattered clouds
617,Maniitsoq,GL,65.4167,-52.9,31.05,74,100,9.75,overcast clouds
618,Gumdag,TM,39.2061,54.5906,60.01,61,100,6.69,overcast clouds
619,Carros,FR,43.7894,7.184,54.77,43,0,3.44,clear sky
620,Bukene,TZ,-4.2333,32.8833,66.06,86,78,10.89,broken clouds
621,Sao Felix Do Xingu,BR,-6.6447,-51.995,86.54,64,99,4.12,overcast clouds
622,Samarai,PG,-10.6167,150.6667,83.62,76,50,15.12,scattered clouds
623,Wasilla,US,61.5814,-149.4394,28.29,63,0,5.75,clear sky
624,Nouakchott,MR,18.0858,-15.9785,69.73,74,1,17.0,clear sky
625,Presidencia Roque Saenz Pena,AR,-26.7852,-60.4388,87.55,65,51,4.83,broken clouds
626,Altamont,US,42.2068,-121.7372,39.4,67,100,6.91,overcast clouds
627,Lai,TD,9.3952,16.2989,89.44,40,89,1.7,overcast clouds
628,Seydi,TM,39.4816,62.9137,76.42,28,99,17.22,overcast clouds
629,Makakilo City,US,21.3469,-158.0858,75.61,70,100,8.05,overcast clouds
630,Gazanjyk,TM,39.2446,55.5154,59.25,76,100,6.89,overcast clouds
631,Bridlington,GB,54.0831,-0.1919,52.9,83,96,8.99,overcast clouds
632,Chara,RU,56.9064,118.2631,9.97,84,100,2.55,overcast clouds
633,Oga,IT,46.4631,10.347,38.08,81,12,4.56,few clouds
634,Lindon,US,40.3433,-111.7208,43.09,29,40,9.22,scattered clouds
635,Cosamaloapan,MX,18.3667,-95.8,90.16,33,23,5.06,few clouds
636,Plainview,US,40.7765,-73.4673,49.96,48,100,12.66,overcast clouds
637,Maniwaki,CA,46.3834,-75.966,39.58,56,100,9.22,overcast clouds
638,Gat,IL,31.61,34.7642,70.39,100,8,6.24,clear sky
639,Jibuti,DJ,11.5,42.5,77.38,62,2,12.55,clear sky
640,Xiaoweizhai,CN,26.1903,107.5125,60.12,84,51,3.27,broken clouds
641,Gawler,AU,-34.6,138.7333,65.21,77,95,2.73,overcast clouds
642,Lingao,CN,19.9103,109.6859,71.08,88,2,10.18,clear sky
643,Luang Prabang,LA,19.8856,102.1347,75.6,60,50,1.57,scattered clouds
644,Provost,CA,52.3501,-110.2683,36.05,53,100,21.81,overcast clouds
645,Sembe,CG,1.6481,14.5806,78.84,72,93,2.33,overcast clouds
646,Rawson,AR,-43.3002,-65.1023,62.4,50,2,22.46,clear sky
647,College,US,64.8569,-147.8028,14.58,60,100,0.0,overcast clouds
648,Koping,SE,59.514,15.9926,46.33,93,100,4.59,overcast clouds
649,Sur,OM,22.5667,59.5289,88.14,36,90,9.04,overcast clouds
650,Gorin,RU,51.1983,136.6669,29.01,98,100,4.03,snow
651,Swift Current,CA,50.2834,-107.8014,34.61,60,75,25.32,broken clouds
652,Copala,MX,16.65,-98.9833,89.08,46,17,9.55,few clouds
653,Blagoveshchenka,RU,52.8333,79.8667,34.12,78,1,10.2,clear sky
654,Atar,MR,20.5169,-13.0499,97.88,3,2,9.91,clear sky
655,Nicoya,CR,10.1483,-85.452,94.03,37,100,14.07,overcast clouds
656,Nizhniy Tsasuchey,RU,50.5167,115.1333,27.46,89,64,4.9,broken clouds
657,Quatre Cocos,MU,-20.2078,57.7625,77.11,80,42,14.7,light rain
658,Adrar,MR,20.5022,-10.0711,95.38,4,0,5.06,clear sky
659,Altamira,BR,-3.2033,-52.2064,86.09,74,40,4.61,scattered clouds
660,Hagere Selam,ET,6.4833,38.5167,47.93,92,87,6.15,light rain
661,Deloraine,AU,-41.5333,146.6667,51.35,68,40,1.99,scattered clouds
662,Neiafu,TO,-18.65,-173.9833,72.28,94,20,0.0,few clouds
663,Vagur,FO,61.4732,-6.8119,35.71,62,99,9.13,overcast clouds
664,Salinopolis,BR,-0.6136,-47.3561,75.85,89,100,4.81,overcast clouds
665,Antalya,TR,36.7741,30.7178,64.09,81,75,5.75,broken clouds
666,Gizo,SB,-8.103,156.8419,82.24,73,88,4.68,overcast clouds
667,San Luis,AR,-33.295,-66.3356,61.0,78,93,9.73,overcast clouds
668,Niltepec,MX,16.5667,-94.6167,95.95,29,4,5.19,clear sky
669,Chapais,CA,49.7834,-74.8492,29.98,79,98,8.52,overcast clouds
670,Bikaner,IN,28.0167,73.3,89.44,12,38,11.14,scattered clouds
671,Pokhara,NP,28.2333,83.9833,70.41,47,42,6.49,scattered clouds
672,Otofuke,JP,42.9917,143.2003,39.76,90,52,2.77,broken clouds
673,Zhangye,CN,38.9342,100.4517,47.35,34,100,10.16,overcast clouds
674,Rapar,IN,23.5667,70.6333,84.36,37,68,11.7,broken clouds
675,Labuhan,ID,-6.8844,112.2051,78.44,82,75,5.41,broken clouds
676,Richmond,US,37.5538,-77.4603,58.06,40,75,17.27,broken clouds
677,Tynda,RU,55.1667,124.7167,14.81,94,100,3.8,overcast clouds
678,Wai,IN,17.9333,73.9,75.0,57,88,5.88,overcast clouds
679,Bellegarde-Sur-Valserine,FR,46.1079,5.8242,54.72,68,76,2.46,broken clouds
680,Zhigalovo,RU,54.8097,105.1578,29.53,93,100,5.03,overcast clouds
